url_path,views_total,views_unique
/EarthSciML/Aerosol.jl,3,3
/EarthSciML/Aerosol.jl/pull/133,3,1
/EarthSciML/Aerosol.jl/actions/runs/29107092569/job/86410175614,2,1
/EarthSciML/Aerosol.jl/pull/134,2,1
/EarthSciML/Aerosol.jl/pull/135,2,1
/EarthSciML/Aerosol.jl/actions/runs/15915551087,1,1
/EarthSciML/Aerosol.jl/actions/runs/17001671608/workflow,1,1
/EarthSciML/Aerosol.jl/actions/runs/29107092569/job/86410175604,1,1
/EarthSciML/Aerosol.jl/actions/runs/29107092569/job/86410175622,1,1
/EarthSciML/Aerosol.jl/blob/main/Project.toml,1,1
